candidate_id	candidate_type	question	kept_from_anchor	primary_change_axis	decisive_result_or_figure	falsifier	minimum_data	minimum_trustworthy_code	novelty_1_to_5	feasibility_1_to_5	beginner_burden_1_to_5	claim_ceiling	fatal_veto	G0_recommendation
DIR-002	bounded_adaptation	Does the published NRRS represent neural biology, vascular or stromal composition, or a mixture, and where does its relative prognostic signal transport?	Gastric cancer, eight genes, published coefficients, multi-cohort and cross-scale structure	From new signature development to frozen construct-validity and transportability audit	A cohort-by-cohort forest plot plus variance or association decomposition and cellular or spatial localization against prespecified neural, endothelial, fibroblast, epithelial, purity, MSI, and stage controls	The score cannot be reconstructed consistently, no independent cohort retains an association, or neural interpretation is indistinguishable from composition controls	At least three independent bulk cohorts with OS and frozen sample manifests; at least two public scRNA cohorts with patient IDs; one spatial dataset is desirable but not mandatory for the bounded claim	Official survival and glmnet documentation; replicate-aware Bioconductor single-cell workflow; tested cohort adapters written for this project	4	4	3	Associational construct validity, relative transportability, and failure boundaries	Fewer than three independent usable bulk cohorts or inability to compute all eight genes without outcome-tuned preprocessing	primary
DIR-003	evidence_extension	Are there reproducible patient-level neural or Schwann-associated spatial niches in gastric cancer, and how do their stromal and immune partners vary by context?	Gastric neural theme and cross-scale ecology	From pathway-derived bulk score to directly localized neural-stromal ecology	A replicated spatial-neighborhood map centered on a bona fide neural or Schwann state, with patient-level effects in two independent resources	No neural or Schwann state is captured; spatial panels omit required markers; apparent effects vanish at patient level	At least two independent spatial or histologic resources with neural markers and patient metadata; one public scRNA reference; one bulk cohort for cautious projection	Platform-specific official spatial workflow plus patient-level testing and annotation code with marker controls and simulated or fixture tests	4	2	5	Associational spatial ecology only	Failure of a small G1 feasibility spike to detect and validate a neural unit in two resources	conditional_backup
DIR-004	bounded_adaptation	Which published gastric prognostic formulas can actually be reconstructed and externally transported beyond stage under a common protocol?	Gastric prognosis and independent public bulk cohorts	From one theme score to a preregistered reproducibility benchmark	Formula-completeness flowchart and per-model discrimination, calibration-availability, incremental-value, and heterogeneity forest plots	Fewer than three formulas pass the completeness gate or all cohorts lack comparable endpoints and clinical baselines	At least three fully specified published formulas; at least three independent cohorts; stage and outcome definitions sufficiently harmonized	Official survival, riskRegression or pec, and TRIPOD or PROBAST-aligned code modules with unit tests	3	4	3	Reproducibility, discrimination, and incremental association; no clinical deployment	Outcome-driven selection of benchmark models or refitting formulas in validation cohorts	reserve
DIR-005	training_reproduction	Which public-data figures can be approximately reconstructed and which discrepancies remain irreducible?	All feasible public anchor data and figure logic	No scientific change	Figure-by-figure concordance and discrepancy ledger	Not applicable; a null or discrepant result is still educational	TCGA and GEO bulk plus public scRNA; HRA cohort is optional and not required	Official package vignettes and independently tested reconstruction scripts	1	4	3	Descriptive reconstruction only	Calling independently rebuilt outputs exact or novel	training_only
REJ-001	generic_signature_swap	Can another KEGG theme gene set replace the nerve genes to make a new gastric prognostic score?	Same cancer and omnibus analysis sequence	Gene-set label only	Another LASSO signature with high-versus-low plots	Any apparent signal may be selected by multiple testing and composition	Public bulk data	Ad hoc code would still need reconstruction	1	5	2	At most exploratory association	No substantive biological question or orthogonal construct measure	reject
REJ-002	cancer_swap	Can the same eight-step pipeline be moved to another cancer?	Theme genes and signature-centered analysis	Cancer type only	A new cancer-specific risk score	High apparent performance may reflect outcome-tuned preprocessing	TCGA and GEO	Mostly generic survival code	1	4	3	Exploratory association	Field saturation and no cancer-specific causal or clinical rationale	reject
REJ-003	pan_cancer_expansion	Is NRRS prognostic or immunotherapy-related across all cancers?	Eight genes and score label	Scale expansion	Pan-cancer heatmaps and survival associations	Tissue composition, baseline-risk, platform, and treatment heterogeneity dominate	TCGA pan-cancer and mixed ICI cohorts	Large harmonization workflow	1	3	5	Descriptive cross-cancer association	No transportable preprocessing, baseline hazard, or coherent target population	reject
REJ-004	therapy_predictor	Can NRRS select gastric patients for chemotherapy or immune checkpoint therapy?	Published score and therapy datasets	Clinical prediction claim	Treatment response AUC and high-versus-low response plots	Association is explained by MSI, TMB, stage, or general prognosis and no treatment interaction is observed	Randomized or untreated comparator cohort with standardized treatment and covariates	Validated predictive-model and treatment-interaction workflow	2	1	5	Would require predictive treatment-effect evidence	No untreated comparator, cross-cancer IMvigor cohort, and no prespecified treatment interaction	reject
REJ-005	mechanistic_neural_claim	Do the eight genes causally drive neural remodeling and immune suppression in gastric cancer?	Eight genes and neural label	Association to mechanism	Neural perturbation with spatial and functional readouts	No effect after cell-specific or neural perturbation	Cell-specific perturbation, neural co-culture or denervation model, spatial validation, and independent replication	New experimental protocols and causal analysis code	4	1	5	Mechanistic or causal only after intervention	No current intervention resource, no directly measured neural unit, and excessive beginner burden	reject_for_current_stage
